<deslocamentos id="DXT-4532">
   <deslocamento data="2016-12-02" un="km">120</deslocamento>
   <deslocamento data="2016-12-03" un="km">134</deslocamento>
   <deslocamento data="2016-12-04" un="km">116</deslocamento>
   <deslocamento data="2016-12-07" un="km">121</deslocamento>
   <deslocamento data="2016-12-08" un="km">149</deslocamento>
   <deslocamento data="2016-12-09" un="km">121</deslocamento>
   <deslocamento data="2016-12-10" un="km">133</deslocamento>
   <deslocamento data="2016-12-11" un="km">126</deslocamento>
   <deslocamento data="2016-12-14" un="km">114</deslocamento>
   <deslocamento data="2016-12-15" un="km">122</deslocamento>
</deslocamentos>