<deslocamentos id="DXN-3361">
   <deslocamento data="2016-12-04" un="km">65</deslocamento>
   <deslocamento data="2016-12-07" un="km">77</deslocamento>
   <deslocamento data="2016-12-08" un="km">66</deslocamento>
   <deslocamento data="2016-12-09" un="km">72</deslocamento>
   <deslocamento data="2016-12-10" un="km">66</deslocamento>
   <deslocamento data="2016-12-11" un="km">77</deslocamento>
   <deslocamento data="2016-12-14" un="km">76</deslocamento>
   <deslocamento data="2016-12-15" un="km">69</deslocamento>
</deslocamentos>